,Title,URL,Date,Location,Image URL
0,Do You Know What Is Mean Python Summer Training Report?,https://delhi.craigslist.org/lss/d/do-you-know-what-is-mean-python-summer/7091272705.html,Mar 11, (Noida),https://images.craigslist.org/00O0O_cixhPIPhPpT_600x450.jpg
1,Hire Dedicated Python Developer,https://delhi.craigslist.org/cps/d/hire-dedicated-python-developer/7088186784.html,Mar  6, (New Delhi),https://images.craigslist.org/00v0v_1qpc00qBrie_600x450.jpg
2,"Top Leading Python Development Company In India, USA, And UK",https://delhi.craigslist.org/cps/d/top-leading-python-development-company/7087569054.html,Mar  5, (florida),https://images.craigslist.org/00S0S_7DpCima3hD3_600x450.jpg
3,Python Tutorial,https://delhi.craigslist.org/cps/d/python-tutorial/7086262207.html,Mar  3, (Noida),https://external-content.duckduckgo.com/iu/?u=https%3A%2F%2Flistonline.com.au%2Fwp-content%2Fuploads%2F2018%2F04%2Fno_image_ava.png&f=1&nofb=1
4,Best Python Training Institute in Ghaziabad,https://delhi.craigslist.org/lss/d/best-python-training-institute-in/7086261362.html,Mar  3, (Ghaziabad),https://images.craigslist.org/00m0m_5f8aUHSI0wm_600x450.jpg
5,Searching for Web Development training with Python?,https://delhi.craigslist.org/cps/d/searching-for-web-development-training/7085629036.html,Mar  2, (Noida),https://images.craigslist.org/00y0y_5IlkcxfcDoB_600x450.jpg
6,Latest Course you must know about- Data Analytics with Python,https://delhi.craigslist.org/cps/d/latest-course-you-must-know-about-data/7083861585.html,Feb 28," (Noida, Uttar Pradesh)",https://images.craigslist.org/00k0k_4TRygUQXoFr_600x450.jpg
7,wants to learn Django with Python Training Course?,https://delhi.craigslist.org/cps/d/wants-to-learn-django-with-python/7083855854.html,Feb 28, (Noida),https://images.craigslist.org/00N0N_cgKQc1Rmhjp_600x450.jpg
8,Searching for Python Training Course?,https://delhi.craigslist.org/cps/d/searching-for-python-training-course/7081961098.html,Feb 25, (Noida),https://images.craigslist.org/00N0N_cgKQc1Rmhjp_600x450.jpg
9,Attend Best Python Certification Traning Course in Noida,https://delhi.craigslist.org/cps/d/attend-best-python-certification/7079472609.html,Feb 21, (Noida),https://images.craigslist.org/00a0a_iqmyEpdtcWk_600x450.jpg
10,Learn python course from certified trainers,https://delhi.craigslist.org/lss/d/learn-python-course-from-certified/7076854541.html,Feb 17, (noida),https://images.craigslist.org/00f0f_6LozdlJ32N2_600x450.jpg
11,Get Python course training from HTS India,https://delhi.craigslist.org/lss/d/get-python-course-training-from-hts/7075664584.html,Feb 15, (new delhi),https://images.craigslist.org/00t0t_iz71menhPSp_600x450.jpg
12,Python Web Development Company,https://delhi.craigslist.org/cps/d/python-web-development-company/7072497846.html,Feb 10, (New Delhi),https://images.craigslist.org/00N0N_87SXWvUpmVo_600x450.jpg
13,blockchain development company in mumbai,https://delhi.craigslist.org/cps/d/blockchain-development-company-in-mumbai/7088199834.html,Mar  6, (MUMBAI),https://images.craigslist.org/00G0G_59S4TthVE3x_600x450.jpg
14,Data Science Certification Course,https://delhi.craigslist.org/lss/d/data-science-certification-course/7087647138.html,Mar  5,N/A,https://images.craigslist.org/00606_jZdo68DHI6Z_600x450.jpg
15,Accelerate your career with Best Deep Learning Course.,https://delhi.craigslist.org/cps/d/accelerate-your-career-with-best-deep/7087580635.html,Mar  5," (Noida,Uttar Pradesh)",https://images.craigslist.org/00g0g_genieW652r4_600x450.jpg
16,Wondering to do Data Science Training Course. Come Join us today!,https://delhi.craigslist.org/cps/d/wondering-to-do-data-science-training/7087575351.html,Mar  5," (Noida,Uttar Pradesh)",https://images.craigslist.org/00T0T_497bhvi60Az_600x450.jpg
17,Live Project Based Training,https://delhi.craigslist.org/cps/d/live-project-based-training/7086932346.html,Mar  4, (Delhi NCR),https://images.craigslist.org/00M0M_cqGW5c9KAHz_600x450.jpg
18,Learn python with machine learning from a reputed institute,https://delhi.craigslist.org/cps/d/learn-python-with-machine-learning-from/7071344542.html,Feb  8, (New Delhi),https://images.craigslist.org/00o0o_71rr5jTAWht_600x450.jpg
19,Best Online Corporate Training In Data Science,https://delhi.craigslist.org/lss/d/best-online-corporate-training-in-data/7083222623.html,Feb 27, (Noida),https://images.craigslist.org/00z0z_PFAqsCdEaQ_600x450.jpg
20,Hire Dedicated Python Developers,https://delhi.craigslist.org/cps/d/hire-dedicated-python-developers/7070026350.html,Feb  6, (Delhi),https://images.craigslist.org/00t0t_9uV6KfLIxxl_600x450.jpg
21,Learn python with machine learning from a reputed institute,https://delhi.craigslist.org/cps/d/learn-python-with-machine-learning-from/7069390867.html,Feb  5, (New Delhi),https://images.craigslist.org/00W0W_1S6J4N3EYD2_600x450.jpg
22,PHP Training in Greater Noida,https://delhi.craigslist.org/cps/d/php-training-in-greater-noida/7075660733.html,Feb 15, (Greater Noida),https://images.craigslist.org/00Y0Y_gLxIbPeRq6r_600x450.jpg
23,Grow your career with Autocad,https://delhi.craigslist.org/cps/d/grow-your-career-with-autocad/7074478100.html,Feb 13, (New Delhi),https://images.craigslist.org/00202_55tPqYr1le3_600x450.jpg
24,Join the best Python Training institute with machine learning,https://delhi.craigslist.org/cps/d/join-the-best-python-training-institute/7067003518.html,Feb  1, (New Delhi),https://images.craigslist.org/00J0J_5um0SlTOttd_600x450.jpg
25,Affordable & Best Web Design & Development Services,https://delhi.craigslist.org/cps/d/affordable-best-web-design-development/7068725570.html,Feb  4, (Noida),https://images.craigslist.org/00r0r_k8VUgxhwp7I_600x450.jpg
26,Websites Development,https://delhi.craigslist.org/biz/d/websites-development/7065751717.html,Jan 30, (India),https://images.craigslist.org/00N0N_lUTyFCEjoz2_600x450.jpg
27,Python Internship in Mohali,https://chandigarh.craigslist.org/cps/d/python-internship-in-mohali/7082595771.html,Feb 26,N/A,https://external-content.duckduckgo.com/iu/?u=https%3A%2F%2Flistonline.com.au%2Fwp-content%2Fuploads%2F2018%2F04%2Fno_image_ava.png&f=1&nofb=1
28,Python Internship in Chandigarh,https://chandigarh.craigslist.org/lgs/d/python-internship-in-chandigarh/7082595692.html,Feb 26,N/A,https://images.craigslist.org/00u0u_dFzuisdP2HI_600x450.jpg
29,Python Internship in Chandigarh,https://chandigarh.craigslist.org/cps/d/python-internship-in-chandigarh/7080108803.html,Feb 22,N/A,https://external-content.duckduckgo.com/iu/?u=https%3A%2F%2Flistonline.com.au%2Fwp-content%2Fuploads%2F2018%2F04%2Fno_image_ava.png&f=1&nofb=1
30,software development company in chandigarh,https://chandigarh.craigslist.org/lss/d/software-development-company-in/7091286203.html,Mar 11,N/A,https://external-content.duckduckgo.com/iu/?u=https%3A%2F%2Flistonline.com.au%2Fwp-content%2Fuploads%2F2018%2F04%2Fno_image_ava.png&f=1&nofb=1
31,HIRE DJANGO WEB DEVELOPERS,https://chandigarh.craigslist.org/cps/d/hire-django-web-developers/7089981003.html,Mar  9,N/A,https://images.craigslist.org/00D0D_jcbhTkz4bRu_600x450.jpg
32,software development service in zirakpur,https://chandigarh.craigslist.org/cps/d/software-development-service-in-zirakpur/7081974754.html,Feb 25,N/A,https://external-content.duckduckgo.com/iu/?u=https%3A%2F%2Flistonline.com.au%2Fwp-content%2Fuploads%2F2018%2F04%2Fno_image_ava.png&f=1&nofb=1
33,software development service in zirakpur,https://chandigarh.craigslist.org/lss/d/software-development-service-in-zirakpur/7078819268.html,Feb 20,N/A,https://external-content.duckduckgo.com/iu/?u=https%3A%2F%2Flistonline.com.au%2Fwp-content%2Fuploads%2F2018%2F04%2Fno_image_ava.png&f=1&nofb=1
34,python training institute in chandigarh,https://chandigarh.craigslist.org/lss/d/python-training-institute-in-chandigarh/7068063842.html,Feb  3,N/A,https://images.craigslist.org/00U0U_aiM9XBOhA8l_600x450.jpg
35,6 months/weeks Industrial Training on Python in Punjab,https://chandigarh.craigslist.org/lss/d/6-months-weeks-industrial-training-on/7066339746.html,Jan 31,N/A,https://images.craigslist.org/00x0x_5Ea8UPIZqbP_600x450.jpg
36,summer training 2020 india,https://chandigarh.craigslist.org/cps/d/summer-training-2020-india/7069387173.html,Feb  5,N/A,https://external-content.duckduckgo.com/iu/?u=https%3A%2F%2Flistonline.com.au%2Fwp-content%2Fuploads%2F2018%2F04%2Fno_image_ava.png&f=1&nofb=1
37,best php training institute in chandigarh,https://chandigarh.craigslist.org/lss/d/best-php-training-institute-in/7069367021.html,Feb  5,N/A,https://images.craigslist.org/00g0g_hBaFEtdCZPI_600x450.jpg
38,python training institute in chandigarh,https://chandigarh.craigslist.org/lss/d/python-training-institute-in-chandigarh/7063795303.html,Jan 27,N/A,https://images.craigslist.org/00U0U_aiM9XBOhA8l_600x450.jpg
39,data science training institute in chandigarh,https://chandigarh.craigslist.org/lss/d/data-science-training-institute-in/7063795695.html,Jan 27,N/A,https://images.craigslist.org/00U0U_aiM9XBOhA8l_600x450.jpg
